Marca temporal,1. Nombre de la Empresa (Confirmación),2. Eslogan o Propuesta de Valor Única (¿Qué prometemos siempre a nuestros clientes?),"3. Ubicación Principal de la Base de Operaciones (Ciudad, Dirección o Zona de Cobertura central)",4. Descripción Breve del Negocio (Máximo 3 renglones. ¿Qué hacemos y para quién lo hacemos?),"Instrucción: A continuación, detalle la información clave para cada uno de los servicios principales.",SERVICIO: Express (Entrega inmediata/rápida),5. Nombre Exacto del Servicio Express (Si usa un nombre comercial interno),6. Descripción del Servicio Express con sus propias palabras (Cómo lo ejecuta 'Envíos DosRuedas'),7. Beneficio Principal para el Cliente (¿Por qué eligen este servicio sobre la competencia?),"8. Reglas Técnicas o Condiciones del Servicio Express (Ej: Límites de peso, dimensiones, horarios de corte)",9. Pregunta Frecuente (FAQ) más común sobre el Servicio Express,SERVICIO: LowCost (Entrega económica/Programada),10. Nombre Exacto del Servicio LowCost (Si usa un nombre comercial interno),11. Descripción del Servicio LowCost con sus propias palabras,12. Beneficio Principal para el Cliente (¿Por qué eligen este servicio?),13. Reglas Técnicas o Condiciones del Servicio LowCost,14. Pregunta Frecuente (FAQ) más común sobre el Servicio LowCost,SERVICIO: MercadoLibre Flex,15. Descripción de su operativa con MercadoLibre Flex (¿Qué volumen manejan y cómo lo gestionan?),16. Beneficio Principal para el Cliente que usa su Flex (¿Qué valor extra ofrecemos al vendedor de ML?),"17. Reglas Técnicas o Condiciones de la operativa Flex (Horarios de retiro, zonas cubiertas, etc.)",18. Pregunta Frecuente (FAQ) más común sobre su Servicio Flex,"SERVICIO: 3PL (Logística de Terceros, Almacenamiento y/o Fulfillment)","19. Descripción de su Servicio 3PL (Si lo ofrecen. Detalle el alcance: picking, packing, stock)",20. Tipo de Cliente que utiliza su 3PL (Rubro y tamaño),21. Pregunta Frecuente (FAQ) más común sobre el Servicio 3PL,"22. Objetivo Comercial Principal para los próximos 6 meses (Ej: Aumentar la flota, expandir la zona, duplicar clientes 3PL)",23. Servicio Más Rentable Actualmente (¿Cuál genera el mayor margen de ganancia real?),24. La 'Ventaja Injusta' de Envíos DosRuedas frente a las apps de delivery masivas (¿Qué hacemos que ellas no pueden imitar fácilmente?),"25. Descripción Detallada de su Cliente 'Estrella' o más rentable (Rubro, tamaño, volumen semanal, características)",26. ¿Cuáles eran los dolores o problemas específicos que resolvieron para este cliente 'estrella' justo antes de que los contrataran?,27. ¿Qué tan satisfecho está con la calidad de sus clientes actuales?,28. Top 3 Competidores más 'Molestos' en Mar del Plata (Indique sus nombres y la razón de su molestia/eficacia),29. Análisis de Fortalezas vs. Debilidades (Compare las fortalezas de Envíos DosRuedas frente a las debilidades CLAVE de sus competidores),"30. Si la marca 'Envíos DosRuedas' fuera una persona, ¿cómo hablaría? (Tono, personalidad, palabras que usaría/evitaría)","31. 'Líneas Rojas' de la Marca (¿Qué cosas no hacemos, no decimos o no toleramos bajo ninguna circunstancia en la operación o comunicación?)"
25/5/2026 23:39:42,Envios DosRuedas,Tu solucion logistica o Tu Partner logistico,"Mar del plata, Friuli 1972, Cobertura dentro de Mar del plata","Realizamos servicio de mensajeria/paqueteria, logistica y distrucion, especializados en E Commerce. Servicio de entrega puerta a puerta.
","Brindamos varios tipos de servicios, buscando cubrir las necesidades y brindar soluciones a todos nuestros clientes.","Entregas a demanda, se debe solicitar con 2hs de anticipacion y antes de 15hs para realizar una entrega en  el dia.

Ideal para aquellos clientes con necesidades de entregas dentro un rango horario, como por ejemplo, tramites, mandados, entregas con horarios.",Envios Express,Envios que tienen prioridad de entrega ya que se puede elegir el rango horario que se debe realizar,"Poder elegir un rango horario de entrega, ayuda a poder realizar diferentes gestiones que tengan un horario limite. ","Se debe solicitar antes de 15hs para poder coordinar una entrega en el dia. 
Limite: Todo lo que pueda ser llevado en moto, puede tener adicionales por peso y tamaño (mayor a 5kg y mas de 40x30cm","Se puede entregar en un horario Puntual? No, unicamente se trabaja con rangos horarios de entrega de 3hs de espaciado, por ejemplo 10 a 13hs.","Entregas a demanda, se debe solicitar con 2hs de anticipacion y antes de 13hs para realizar una entrega en  el dia.

Ideal para aquellos clientes con necesidades de entregas con horario amplios, ideal para emprendedores con pocos envios, ya que pueden acceder a envios economicos con la calidad que siempre brinda dosruedas.",Envios LowCost,"Envios economicos, son entregados en el transcurso del dia antes de 19hs. No es posible elegir el rango horario de entrega","Envios mas economicos, especialmente en distancias largas. Ideal para emprendedores con envios esporadicos, puedan ofrecer envios economicos.","Se debe solicitar antes de 13hs para poder ser entregado en el dia. 
No se puede elegir rango horario de entrega, las entregas son realizadas antes de 19hs","Se puede elegir horario? No, las entregas lowcost no se puede elegir rango horario de entrega, se entrega en el transcurso del dia antes de 19hs.",Envios exclusivos para vendedores de MercadoLibre que tengan activados el servicio Flex.,"No se solicita minimos de envios, pero a mayor cantidad de envios diarios, mejor valor va a obtener. 
El valor del envios es el mismo que el LowCost, pero con la diferencia que se puede solicitar hasta 15, y seran entregados antes de 20hs, sin eleccion de rango horario de entrega.

El cliente solicita el envio, y uno o varios cadetes retiran el paquete y sera escaneado en la direccion del cliente, luego ese mismo repartidor realizara la entrega antes de 20hs. 
Retiramos varias veces al dia si es necesario, mejorando asi la entrega, el cliente compra y recibe su envio de forma rapida, brindando una buena experiencia de compra. ","Cumplimos con todas las entregas en el dia, 100% asegurada la entrega en el dia para cuidar su reputacion en la plataforma.","Cubrimos todo mar del plata (no cubrimos zonas aledañas)
Horario de corte: 15hs
Horario de retiro: Se debe solicitar cada vez que tenga un envio, y un repartidor pasara a retirar en el transcurso del dia. ","Tienen minimo de envios? No, no tenemos minimo de envios, pero a mayor cantidad de envios diarios obtenes mejores beneficios en el valor del envio. ",Servicio Ecommerce,"Almacenamos, y despachamos las ventas en el dia. Almacenamos unicamente productos pequeños/medianos, en un stock limitado. Tarifa plana atoda la ciudad

Tenemos 2 servicios
E Commerce 24hs (Next day) Entregas al siguiente dia, recoleccion gratuita si son mas de 10 envios, si no tiene un costo de $4000. 
Opcion DropOFF: Trae a nuestro deposito los envios, y obtene un 20% de descuento en la tarifa final 

E comerce SAME DAY: Unicamente para aquellos clientes que dejan sus productos en nuestro deposito, para que al realizar una venta salgan directamente de nuestro deposito, esto mejora los tiempos de entrega, nosotros nos encargamos del empaquetado y etiquetado del paquete. 
",Todo tipo de rubros que vendan productos que puedan ser transportados en moto (Productos pequeños/medianos),Realizan entregas contrareembolso? Si realizamos entregas contrareembolso y no conbramos ningun extra por este servicio.,"Aumentar la cantidad de envios, aumentar flora y duplicar clientes e commerce (3PL)",LowCost,"Brindamos un servicio de confianza, con una atencion personalizada, y damos la cara frente a cualquier incoveniente. Brindamos confianza en cada envio realizado, porque trabajamos con estandares de excelencia. ","MailAmericas, ecommerce internacional, 2500 a 4000 envios semanales. ",Mejoramos la tasa y velocidad de entrega de los paquetes. ,10,"CDI: Son un grupo de repartidores, con mala fama, con poca responsabilidad y muy malos comentarios
MMDP: Uno de los lideres en la ciudad. 
Retorno mensajeria: Otra de las empresas que mas tiempo lleva en la ciudad realizando mensajeria ","Fortalezas, estamos innovando constantemente, y con mejor posicionamiento en redes sociales, mas actividad. La IA nos recomienda primero que a todos

Debilidades: Tal vez la antiguedad, frente a empresas con MMDP o Retorno que lllevan bastante tiempo mas. Pero no mucho mas. Brindamos servicios diferentes a pesar que seamos ""Mensajerias""","Hablaria como una persona normal, trabajador, un tono medio formal pero sin exagerar","No realizamos transporte de productos ilegales, no toleramos faltas de respeto hacia nuestros repartidores. No tomamos envios si no tenemos disponibilidad para cubrirlo, preferimos decir que no podemos, a fallar. "